Jeanne;Dupont;Jean;Legland;2026-09-29;10:00;2026-09-29;12:30;
Léon;Létron;Lucie;Latruie;2026-09-29;14:00;2026-09-29;17:00;de205f2a-e78a-4b49-b8b0-3b3e885f1967
Léon;Létron;Lucie;Latruie;2026-10-06;14:00;2026-10-06;17:00;de205f2a-e78a-4b49-b8b0-3b3e885f1967
Léon;Létron;Lucie;Latruie;2026-10-13;14:00;2026-10-13;17:00;de205f2a-e78a-4b49-b8b0-3b3e885f1967
Léon;Létron;Lucie;Latruie;2026-10-20;14:00;2026-10-20;17:00;de205f2a-e78a-4b49-b8b0-3b3e885f1967
Léon;Létron;Lucie;Latruie;2026-10-27;14:00;2026-10-27;17:00;de205f2a-e78a-4b49-b8b0-3b3e885f1967
Léon;Létron;Lucie;Latruie;2026-11-03;14:00;2026-11-03;17:00;de205f2a-e78a-4b49-b8b0-3b3e885f1967
Léon;Létron;Lucie;Latruie;2026-11-10;14:00;2026-11-10;17:00;de205f2a-e78a-4b49-b8b0-3b3e885f1967
Léon;Létron;Lucie;Latruie;2026-11-17;14:00;2026-11-17;17:00;de205f2a-e78a-4b49-b8b0-3b3e885f1967
Léon;Létron;Lucie;Latruie;2026-11-24;14:00;2026-11-24;17:00;de205f2a-e78a-4b49-b8b0-3b3e885f1967
Léon;Létron;Lucie;Latruie;2026-12-01;14:00;2026-12-01;17:00;de205f2a-e78a-4b49-b8b0-3b3e885f1967
Léon;Létron;Lucie;Latruie;2026-12-08;14:00;2026-12-08;17:00;de205f2a-e78a-4b49-b8b0-3b3e885f1967
Léon;Létron;Lucie;Latruie;2026-12-15;14:00;2026-12-15;17:00;de205f2a-e78a-4b49-b8b0-3b3e885f1967
Léon;Létron;Lucie;Latruie;2026-12-22;14:00;2026-12-22;17:00;de205f2a-e78a-4b49-b8b0-3b3e885f1967
Léon;Létron;Lucie;Latruie;2026-12-29;14:00;2026-12-29;17:00;de205f2a-e78a-4b49-b8b0-3b3e885f1967
Léon;Létron;Lucie;Latruie;2027-01-05;14:00;2027-01-05;17:00;de205f2a-e78a-4b49-b8b0-3b3e885f1967
Léon;Létron;Lucie;Latruie;2027-01-12;14:00;2027-01-12;17:00;de205f2a-e78a-4b49-b8b0-3b3e885f1967
Léon;Létron;Lucie;Latruie;2027-01-19;14:00;2027-01-19;17:00;de205f2a-e78a-4b49-b8b0-3b3e885f1967
Léon;Létron;Lucie;Latruie;2027-01-26;14:00;2027-01-26;17:00;de205f2a-e78a-4b49-b8b0-3b3e885f1967
Léon;Létron;Lucie;Latruie;2027-02-02;14:00;2027-02-02;17:00;de205f2a-e78a-4b49-b8b0-3b3e885f1967
Léon;Létron;Lucie;Latruie;2027-02-09;14:00;2027-02-09;17:00;de205f2a-e78a-4b49-b8b0-3b3e885f1967
Léon;Létron;Lucie;Latruie;2027-02-16;14:00;2027-02-16;17:00;de205f2a-e78a-4b49-b8b0-3b3e885f1967
Léon;Létron;Lucie;Latruie;2027-02-23;14:00;2027-02-23;17:00;de205f2a-e78a-4b49-b8b0-3b3e885f1967
Léon;Létron;Lucie;Latruie;2027-03-02;14:00;2027-03-02;17:00;de205f2a-e78a-4b49-b8b0-3b3e885f1967
Léon;Létron;Lucie;Latruie;2027-03-09;14:00;2027-03-09;17:00;de205f2a-e78a-4b49-b8b0-3b3e885f1967
Léon;Létron;Lucie;Latruie;2027-03-16;14:00;2027-03-16;17:00;de205f2a-e78a-4b49-b8b0-3b3e885f1967
Léon;Létron;Lucie;Latruie;2027-03-23;14:00;2027-03-23;17:00;de205f2a-e78a-4b49-b8b0-3b3e885f1967
Léon;Létron;Lucie;Latruie;2027-03-30;14:00;2027-03-30;17:00;de205f2a-e78a-4b49-b8b0-3b3e885f1967
Léon;Létron;Lucie;Latruie;2027-04-06;14:00;2027-04-06;17:00;de205f2a-e78a-4b49-b8b0-3b3e885f1967
Léon;Létron;Lucie;Latruie;2027-04-13;14:00;2027-04-13;17:00;de205f2a-e78a-4b49-b8b0-3b3e885f1967
Léon;Létron;Lucie;Latruie;2027-04-20;14:00;2027-04-20;17:00;de205f2a-e78a-4b49-b8b0-3b3e885f1967
Léon;Létron;Lucie;Latruie;2027-04-27;14:00;2027-04-27;17:00;de205f2a-e78a-4b49-b8b0-3b3e885f1967
Léon;Létron;Lucie;Latruie;2027-05-04;14:00;2027-05-04;17:00;de205f2a-e78a-4b49-b8b0-3b3e885f1967
Léon;Létron;Lucie;Latruie;2027-05-11;14:00;2027-05-11;17:00;de205f2a-e78a-4b49-b8b0-3b3e885f1967
Léon;Létron;Lucie;Latruie;2027-05-18;14:00;2027-05-18;17:00;de205f2a-e78a-4b49-b8b0-3b3e885f1967
Léon;Létron;Lucie;Latruie;2027-05-25;14:00;2027-05-25;17:00;de205f2a-e78a-4b49-b8b0-3b3e885f1967
Léon;Létron;Lucie;Latruie;2027-06-01;14:00;2027-06-01;17:00;de205f2a-e78a-4b49-b8b0-3b3e885f1967
Léon;Létron;Lucie;Latruie;2027-06-08;14:00;2027-06-08;17:00;de205f2a-e78a-4b49-b8b0-3b3e885f1967
Léon;Létron;Lucie;Latruie;2027-06-15;14:00;2027-06-15;17:00;de205f2a-e78a-4b49-b8b0-3b3e885f1967
Léon;Létron;Lucie;Latruie;2027-06-22;14:00;2027-06-22;17:00;de205f2a-e78a-4b49-b8b0-3b3e885f1967
Léon;Létron;Lucie;Latruie;2027-06-29;14:00;2027-06-29;17:00;de205f2a-e78a-4b49-b8b0-3b3e885f1967
Léon;Létron;Lucie;Latruie;2027-07-06;14:00;2027-07-06;17:00;de205f2a-e78a-4b49-b8b0-3b3e885f1967
Léon;Létron;Lucie;Latruie;2027-07-13;14:00;2027-07-13;17:00;de205f2a-e78a-4b49-b8b0-3b3e885f1967
Léon;Létron;Lucie;Latruie;2027-07-20;14:00;2027-07-20;17:00;de205f2a-e78a-4b49-b8b0-3b3e885f1967
Léon;Létron;Lucie;Latruie;2027-07-27;14:00;2027-07-27;17:00;de205f2a-e78a-4b49-b8b0-3b3e885f1967
Léon;Létron;Lucie;Latruie;2027-08-03;14:00;2027-08-03;17:00;de205f2a-e78a-4b49-b8b0-3b3e885f1967
Léon;Létron;Lucie;Latruie;2027-08-10;14:00;2027-08-10;17:00;de205f2a-e78a-4b49-b8b0-3b3e885f1967
Léon;Létron;Lucie;Latruie;2027-08-17;14:00;2027-08-17;17:00;de205f2a-e78a-4b49-b8b0-3b3e885f1967
Léon;Létron;Lucie;Latruie;2027-08-24;14:00;2027-08-24;17:00;de205f2a-e78a-4b49-b8b0-3b3e885f1967
Léon;Létron;Lucie;Latruie;2027-08-31;14:00;2027-08-31;17:00;de205f2a-e78a-4b49-b8b0-3b3e885f1967
Léon;Létron;Lucie;Latruie;2027-09-07;14:00;2027-09-07;17:00;de205f2a-e78a-4b49-b8b0-3b3e885f1967
Léon;Létron;Lucie;Latruie;2027-09-14;14:00;2027-09-14;17:00;de205f2a-e78a-4b49-b8b0-3b3e885f1967
Léon;Létron;Lucie;Latruie;2027-09-21;14:00;2027-09-21;17:00;de205f2a-e78a-4b49-b8b0-3b3e885f1967
