9bceb030-73b8-490c-9812-b7fd08430503;Léon;Létron;Thierry;Machin;THURSDAY;12:00;14:00;2026-10-01;2026-11-01
785a41d1-49b1-45ca-bbaa-1cc83709b5cc;Léon;Létron;;;FRIDAY;18:00;22:00;2026-10-01;2027-10-01
272e27f0-045e-4979-bd86-ab4beda849c8;Jeanne;Dupont;Thierry;Machin;WEDNESDAY;08:00;18:00;2026-10-01;2027-10-01
068f601a-db8d-4d61-9a3a-12a0b74d0c6f;Jeanne;Dupont;;;TUESDAY;14:00;16:00;2026-09-29;2026-09-29
78bc8a57-a65e-4a31-ba3b-3ba4f2ca93b1;Jeanne;Dupont;;;TUESDAY;14:00;16:00;2026-09-29;2026-09-29
fb3ae617-502e-4b11-86ac-9581c83960b1;Jeanne;Dupont;;;TUESDAY;14:00;16:00;2026-09-29;2026-09-29
bd0b7325-d34e-4662-981a-868816f35090;Jeanne;Dupont;;;TUESDAY;14:00;16:00;2026-09-29;2026-10-29
3728ce09-1517-483f-82fd-e1a17df947c4;Jeanne;Dupont;;;THURSDAY;10:00;12:00;2026-10-01;2026-10-15
8fb76d70-fd69-4170-ac62-e7ebb26202cd;Jeanne;Dupont;;;SATURDAY;09:00;13:00;2026-10-10;2026-12-10
988f3297-5ea5-403c-bac1-d300ec7921eb;Jeanne;Dupont;;;THURSDAY;08:00;20:00;2026-12-03;2027-12-03
c7c64032-7bab-48e0-9f50-8b8597bda602;Jean;Emar;Quentin;Tamare;TUESDAY;08:00;18:00;2026-11-17;2027-11-17
